slug,service,file
san-antonio-plumbing-services,Plumbing Services,san-antonio-plumbing-services.html
san-antonio-emergency-plumber,Emergency Plumber,san-antonio-emergency-plumber.html
san-antonio-plumber-near-me,Plumber Near Me,san-antonio-plumber-near-me.html
24-hour-plumber-san-antonio,24 Hour Plumber,24-hour-plumber-san-antonio.html
same-day-plumber-san-antonio,Same Day Plumber,same-day-plumber-san-antonio.html
drain-cleaning-san-antonio,Drain Cleaning,drain-cleaning-san-antonio.html
clogged-drain-repair-san-antonio,Clogged Drain Repair,clogged-drain-repair-san-antonio.html
sewer-line-repair-san-antonio,Sewer Line Repair,sewer-line-repair-san-antonio.html
sewer-camera-inspection-san-antonio,Sewer Camera Inspection,sewer-camera-inspection-san-antonio.html
hydro-jetting-san-antonio,Hydro Jetting,hydro-jetting-san-antonio.html
water-heater-repair-san-antonio,Water Heater Repair,water-heater-repair-san-antonio.html
water-heater-installation-san-antonio,Water Heater Installation,water-heater-installation-san-antonio.html
tankless-water-heater-installation-san-antonio,Tankless Water Heater Installation,tankless-water-heater-installation-san-antonio.html
tankless-water-heater-repair-san-antonio,Tankless Water Heater Repair,tankless-water-heater-repair-san-antonio.html
garbage-disposal-repair-san-antonio,Garbage Disposal Repair,garbage-disposal-repair-san-antonio.html
garbage-disposal-installation-san-antonio,Garbage Disposal Installation,garbage-disposal-installation-san-antonio.html
leak-detection-san-antonio,Leak Detection,leak-detection-san-antonio.html
slab-leak-repair-san-antonio,Slab Leak Repair,slab-leak-repair-san-antonio.html
pipe-repair-san-antonio,Pipe Repair,pipe-repair-san-antonio.html
burst-pipe-repair-san-antonio,Burst Pipe Repair,burst-pipe-repair-san-antonio.html
repiping-san-antonio,Repiping,repiping-san-antonio.html
toilet-repair-san-antonio,Toilet Repair,toilet-repair-san-antonio.html
toilet-installation-san-antonio,Toilet Installation,toilet-installation-san-antonio.html
faucet-repair-san-antonio,Faucet Repair,faucet-repair-san-antonio.html
faucet-installation-san-antonio,Faucet Installation,faucet-installation-san-antonio.html
shower-repair-san-antonio,Shower Repair,shower-repair-san-antonio.html
shower-installation-san-antonio,Shower Installation,shower-installation-san-antonio.html
bathtub-plumbing-san-antonio,Bathtub Plumbing,bathtub-plumbing-san-antonio.html
sink-repair-san-antonio,Sink Repair,sink-repair-san-antonio.html
sink-installation-san-antonio,Sink Installation,sink-installation-san-antonio.html
gas-line-repair-san-antonio,Gas Line Repair,gas-line-repair-san-antonio.html
gas-line-installation-san-antonio,Gas Line Installation,gas-line-installation-san-antonio.html
water-line-repair-san-antonio,Water Line Repair,water-line-repair-san-antonio.html
main-water-line-repair-san-antonio,Main Water Line Repair,main-water-line-repair-san-antonio.html
water-softener-installation-san-antonio,Water Softener Installation,water-softener-installation-san-antonio.html
reverse-osmosis-installation-san-antonio,Reverse Osmosis Installation,reverse-osmosis-installation-san-antonio.html
backflow-testing-san-antonio,Backflow Testing,backflow-testing-san-antonio.html
backflow-prevention-installation-san-antonio,Backflow Prevention Installation,backflow-prevention-installation-san-antonio.html
hose-bib-repair-san-antonio,Hose Bib Repair,hose-bib-repair-san-antonio.html
outdoor-faucet-repair-san-antonio,Outdoor Faucet Repair,outdoor-faucet-repair-san-antonio.html
shut-off-valve-replacement-san-antonio,Shut Off Valve Replacement,shut-off-valve-replacement-san-antonio.html
pressure-reducing-valve-installation-san-antonio,Pressure Reducing Valve Installation,pressure-reducing-valve-installation-san-antonio.html
rooter-service-san-antonio,Rooter Service,rooter-service-san-antonio.html
drain-snaking-san-antonio,Drain Snaking,drain-snaking-san-antonio.html
kitchen-plumbing-repair-san-antonio,Kitchen Plumbing Repair,kitchen-plumbing-repair-san-antonio.html
bathroom-plumbing-repair-san-antonio,Bathroom Plumbing Repair,bathroom-plumbing-repair-san-antonio.html
washing-machine-hookup-san-antonio,Washing Machine Hookup,washing-machine-hookup-san-antonio.html
dishwasher-installation-san-antonio,Dishwasher Installation,dishwasher-installation-san-antonio.html
ice-maker-water-line-installation-san-antonio,Ice Maker Water Line Installation,ice-maker-water-line-installation-san-antonio.html
sewer-cleaning-san-antonio,Sewer Cleaning,sewer-cleaning-san-antonio.html
